,Kelurahan,Kecamatan,Nama Starbucks,Alamat
0,Petojo Sel.,GAMBIR,Starbucks Cideng,"Alamat: RRF6+VV4, Jl. Cideng Timur, RT.4/RW.6, Petojo Sel., Kecamatan Gambir, Kota Jakarta Pusat, Daerah Khusus Ibukota Jakarta 10160 "
1,Petojo Sel.,GAMBIR,Starbucks Ba'Be,"Alamat: RRC9+MG2, RT.4/RW.3, Petojo Sel., Kecamatan Gambir, Kota Jakarta Pusat, Daerah Khusus Ibukota Jakarta 10160 "
2,Kb. Klp.,GAMBIR,Starbucks DT Hayam Wuruk,"Alamat: Jl. Hayam Wuruk No.8, RT.6/RW.2, Kb. Klp., Kecamatan Gambir, Kota Jakarta Pusat, Daerah Khusus Ibukota Jakarta 10120 "
3,Gn. Sahari Utara,SAWAH BESAR,Starbucks - Royalton Kemayoran,"Alamat: RRXR+P7V, Jl. Industri Raya, RT.1/RW.7, Gn. Sahari Utara, Kecamatan Sawah Besar, Kota Jakarta Pusat, Daerah Khusus Ibukota Jakarta 10720 "
4,Mangga Dua Sel.,SAWAH BESAR,Starbucks RS Husada,"Alamat: Jl. Raya Mangga Besar No.1, RW.1, Mangga Dua Sel., Kecamatan Sawah Besar, Kota Jakarta Pusat, Daerah Khusus Ibukota Jakarta 10730 "
5,Kec. Kemayoran,KEMAYORAN,Starbucks Citra Xperience,"Alamat: RVR3+54J, RT.13/RW.6, Kb. Kosong, Kec. Kemayoran, Kota Jakarta Pusat, Daerah Khusus Ibukota Jakarta 10630 "
6,Kb. Kosong,KEMAYORAN,Starbucks Citra Xperience,"Alamat: RVR3+54J, RT.13/RW.6, Kb. Kosong, Kec. Kemayoran, Kota Jakarta Pusat, Daerah Khusus Ibukota Jakarta 10630 "
7,Senen,SENEN,Starbucks plaza atrium jakarta,"Alamat: Plaza Atrium, Jl. Senen Raya No.135, RW.2, Senen, Kec. Senen, Kota Jakarta Pusat, Daerah Khusus Ibukota Jakarta 10410 "
8,Kenari,SENEN,Starbucks Raden Saleh Cikini,"Alamat: Jl. Raden Saleh Raya No.8, RT.10/RW.1, Kenari, Kec. Senen, Kota Jakarta Pusat, Daerah Khusus Ibukota Jakarta 10430 "
9,Paseban,SENEN,Starbucks RS St. Carolus,"Alamat: Rumah Sakit St. Carolus, Jl. Salemba Raya No.3, RT.3/RW.5, Paseban, Kec. Senen, Kota Jakarta Pusat, Daerah Khusus Ibukota Jakarta 10440 "
10,Paseban,SENEN,Starbucks Salemba,"Alamat: Jl. Salemba Raya No.59, RT.9/RW.5, Paseban, Jakarta, Kota Jakarta Pusat, Daerah Khusus Ibukota Jakarta 10430 "
11,Rawasari,CEMPAKA PUTIH,Starbucks Coffee,"Alamat: Green Pramuka Square Ground Floor, Jl. Jenderal Ahmad Yani No.Kav. 49, RT.13/RW.9, Rawasari, Kec. Cemp. Putih, Kota Jakarta Pusat, Daerah Khusus Ibukota Jakarta 10570 "
12,Pegangsaan,MENTENG,Starbucks,"Alamat: Jl. Pegangsaan Timur No.21, RT.1/RW.1, Pegangsaan, Kec. Menteng, Kota Jakarta Pusat, Daerah Khusus Ibukota Jakarta 10310 "
13,Cikini,MENTENG,Starbucks Menteng Huis,"Alamat: Lt. Dasar, Jl. Cikini Raya No.2-4, RT.13/RW.5, Cikini, Kec. Menteng, Kota Jakarta Pusat, Daerah Khusus Ibukota Jakarta 10330 "
14,Gondangdia,MENTENG,Starbucks,"Alamat: Jl. HOS. Cokroaminoto No.79, RT.3/RW.4, Gondangdia, Kec. Menteng, Kota Jakarta Pusat, Daerah Khusus Ibukota Jakarta 10310 "
15,Gondangdia,MENTENG,Starbucks Plaza Indonesia Lv 4,"Alamat: M.H., Jl. K.H. Wahid Hasyim No.15, RT.7/RW.5, Gondangdia, Menteng, Central Jakarta City, Jakarta 10350 "
16,Gondangdia,MENTENG,Starbucks MRT Bundaran HI,"Alamat: Jl. M.H. Thamrin No.51-55, RT.9/RW.5, Gondangdia, Kec. Menteng, Kota Jakarta Pusat, Daerah Khusus Ibukota Jakarta 10350 "
17,Kb. Sirih,MENTENG,Starbucks,"Alamat: Jl. M.H. Thamrin No.9, RT.2/RW.1, Kb. Sirih, Kec. Menteng, Kota Jakarta Pusat, Daerah Khusus Ibukota Jakarta 10340 "
18,Kb. Sirih,MENTENG,Starbucks Sabang,"Alamat: Jl. H. Agus Salim No.19, RW.1, Kb. Sirih, Kec. Menteng, Kota Jakarta Pusat, Daerah Khusus Ibukota Jakarta 10340 "
19,Gelora,TANAH ABANG,Starbucks Gelora Bung Karno,"Alamat: QRJ3+388, RT.1/RW.3, Gelora, Kecamatan Tanah Abang, Kota Jakarta Pusat, Daerah Khusus Ibukota Jakarta 10270 "
20,Gelora,TANAH ABANG,Starbucks Senayan City,"Alamat: Senayan City Jalan Asia Afrika No.19 1 3, Jl. Asia Afrika No.19, RT.1/RW.3, Gelora, Kecamatan Tanah Abang, Kota Jakarta Pusat, Daerah Khusus Ibukota Jakarta 10270 "
21,Gelora,TANAH ABANG,Starbucks Reserve Senayan,"Alamat: Plaza Senayan Mall, RT.1/RW.3, Gelora, Tanah Abang, Central Jakarta City, Jakarta 10270 "
22,Gelora,TANAH ABANG,Starbucks Reserve Senayan City,"Alamat: QQCW+QMJ, RT.1/RW.3, Gelora, Kecamatan Tanah Abang, Kota Jakarta Pusat, Daerah Khusus Ibukota Jakarta 10270 "
23,Gelora,TANAH ABANG,Starbucks FX Sudirman,"Alamat: FX Sudirman Lantai 1, Jl. Jenderal Sudirman, RT.1/RW.3, Gelora, Kecamatan Tanah Abang, Kota Jakarta Pusat, Daerah Khusus Ibukota Jakarta 10270 "
24,Gelora,TANAH ABANG,Starbucks Plaza Senayan,"Alamat: QQGX+GGC, Jl. Asia Afrika, RT.1/RW.3, Gelora, Kecamatan Tanah Abang, Kota Jakarta Pusat, Daerah Khusus Ibukota Jakarta 10270 "
25,Karet Tengsin,TANAH ABANG,Starbucks,"Alamat: 10, RT.10/RW.11, Karet Tengsin, Kecamatan Tanah Abang, Kota Jakarta Pusat, Daerah Khusus Ibukota Jakarta 10250 "
26,Karet Tengsin,TANAH ABANG,Starbucks,"Alamat: Jl. K.H. Mas Mansyur No.126, Karet Tengsin, Kecamatan Tanah Abang, Kota Jakarta Pusat, Daerah Khusus Ibukota Jakarta 10250 "
27,Karet Tengsin,TANAH ABANG,Starbucks Sahid Sudirman Center,"Alamat: Unnamed Road, RT.10/RW.11, Karet Tengsin, Kecamatan Tanah Abang, Kota Jakarta Pusat, Daerah Khusus Ibukota Jakarta 10250 "
28,Karet Tengsin,TANAH ABANG,Starbucks Intiland Tower,"Alamat: Jl. Jenderal Sudirman No.32, RT.3/RW.2, Karet Tengsin, Kecamatan Tanah Abang, Kota Jakarta Pusat, Daerah Khusus Ibukota Jakarta 10250 "
29,Karet Tengsin,TANAH ABANG,Starbucks Reserve Menara Astra,"Alamat: 3rd floor Menara Astra, Jl. Jenderal Sudirman No.10, RW.11, Karet Tengsin, Kecamatan Tanah Abang, Kota Jakarta Pusat, Daerah Khusus Ibukota Jakarta 10250 "
30,Karet Tengsin,TANAH ABANG,Starbucks,"Alamat: JL Jend Sudirman Kav 50, Ground Fl, Kawasan Bisnis Granadhi, RT.10/RW.11, Karet Tengsin, Jakarta, Central Jakarta City, Jakarta 12930 "
31,Kb. Melati,TANAH ABANG,Starbucks UOB Plaza,"Alamat: UOB Plaza Lantai Lobby, Jl. MH Thamrin No.10, RT.14/RW.20, Kb. Melati, Kecamatan Tanah Abang, Kota Jakarta Pusat, Daerah Khusus Ibukota Jakarta 10230 "
32,Kb. Melati,TANAH ABANG,Starbucks Tata Puri,"Alamat: 10, Jl. Tanjung Karang No.3, RT.10/RW.20, Kb. Melati, Kecamatan Tanah Abang, Kota Jakarta Pusat, Daerah Khusus Ibukota Jakarta 10230 "
33,Kp. Bali,TANAH ABANG,Starbucks Menara Thamrin,"Alamat: RR7C+MRM, RW.10, Kp. Bali, Kecamatan Tanah Abang, Kota Jakarta Pusat, Daerah Khusus Ibukota Jakarta 10250 "
34,Penjaringan,PENJARINGAN,Starbucks EPM,"Alamat: Jl. Pluit Raya, RT.23/RW.8, Penjaringan, Kec. Penjaringan, Jkt Utara, Daerah Khusus Ibukota Jakarta 14440 "
35,Penjaringan,PENJARINGAN,Starbucks Baywalk Mall,"Alamat: BayWalk Mall Blok B1 Utara, Jalan Pluit Karang Ayu Barat, Pluit, Penjaringan, RT.20/RW.2, Pluit, Jakarta Utara, Jkt Utara, Daerah Khusus Ibukota Jakarta 14450 "
36,Kamal Muara,PENJARINGAN,Starbucks PIK Elang Laut,"Alamat: Jl. Pantai Indah Selatan No.19, RT.3/RW.3, Kamal Muara, Kec. Penjaringan, Jkt Utara, Daerah Khusus Ibukota Jakarta 14470 "
37,Kamal Muara,PENJARINGAN,STARBUCKS PIK CROWN,"Alamat: Ruko Crown Golf Blok B No.23-25 Bukit golf Mediterania, Jl. Marina Raya Jl. Pantai Indah Kapuk, RT.6/RW.2, Kamal Muara, Kec. Penjaringan, Jkt Utara, Daerah Khusus Ibukota Jakarta 14470 "
38,Kapuk Muara,PENJARINGAN,Starbucks Pantai Indah Kapuk,"Alamat: Jl. Pantai Indah Utara 2 Blok 8 No.Kav 1, Kapuk Muara, Kec. Penjaringan, Jkt Utara, Daerah Khusus Ibukota Jakarta 14460 "
39,Sunter Agung,TANJUNG PRIOK,Starbucks Sunter Mall,"Alamat: RT.14/RW.13, Sunter Agung, Kec. Tj. Priok, Jkt Utara, Daerah Khusus Ibukota Jakarta 14350 "
40,Sunter Agung,TANJUNG PRIOK,Starbucks Sunter Green Lake,"Alamat: Jl. Danau Sunter Selatan No.36, RT.15/RW.16, Sunter Agung, Kec. Tj. Priok, Jkt Utara, Daerah Khusus Ibukota Jakarta 14350 "
41,Sunter Agung,TANJUNG PRIOK,Starbucks Food Centrum,"Alamat: Kantor MTA, Jl. Griya Utama Blok BA-BB-BC, RT.2/RW.5, Sunter Agung, Kec. Tj. Priok, Jkt Utara, Daerah Khusus Ibukota Jakarta 14350 "
42,Pademangan Tim.,PADEMANGAN,Starbucks - JIExpo Kemayoran,"Alamat: Jl. Rajawali Selatan Raya No.14, Pademangan Tim., Kec. Pademangan, Jkt Utara, Daerah Khusus Ibukota Jakarta 14410 "
43,Pademangan Bar.,PADEMANGAN,Starbucks,"Alamat: Komplek Marinatama Blok A 26, Jl. Gn. Sahari No.1, RT.1/RW.13, Pademangan Bar., Kec. Pademangan, Jkt Utara, Daerah Khusus Ibukota Jakarta 14420 "
44,Ancol,PADEMANGAN,Starbucks,"Alamat: VRHV+3GQ, Taman Impian Jaya Ancol, RW.10, Ancol, Kec. Pademangan, Jkt Utara, Daerah Khusus Ibukota Jakarta 14430 "
45,Klp. Gading Tim.,KELAPA GADING,Starbucks,"Alamat: Jl. Boulevard Raya, RT.13/RW.18, Klp. Gading Tim., Kec. Klp. Gading, Jkt Utara, Daerah Khusus Ibukota Jakarta 14240 "
46,Klp. Gading Tim.,KELAPA GADING,Starbucks Bella Terra,"Alamat: Jl. Boulevard Raya Blok H4 No.1, Klp. Gading Tim., Kec. Klp. Gading, Jkt Utara, Daerah Khusus Ibukota Jakarta 14240 "
47,Klp. Gading Tim.,KELAPA GADING,Starbucks,"Alamat: Jl. Mandiri Utara No.13 13 18, RT.13/RW.18, Klp. Gading Tim., Kec. Klp. Gading, Jkt Utara, Daerah Khusus Ibukota Jakarta 14240 "
48,Klp. Gading Bar.,KELAPA GADING,Starbucks,"Alamat: Jl. Boulevard Bar. Blok LC No.53, RT.13/RW.7, Klp. Gading Bar., Kec. Klp. Gading, Jkt Utara, Daerah Khusus Ibukota Jakarta 14240 "
49,Klp. Gading Bar.,KELAPA GADING,Starbucks Mall of Indonesia,"Alamat: Jl. Boulevard Bar. Raya, RT.18/RW.8, Klp. Gading Bar., Kec. Klp. Gading, Jkt Utara, Daerah Khusus Ibukota Jakarta 14240 "
50,Klp. Gading Bar.,KELAPA GADING,Starbucks Mall Artha Gading,"Alamat: Jl. Boulevard Artha Gading selatan No.1, RT.18/RW.8, Klp. Gading Bar., Kec. Klp. Gading, Jkt Utara, Daerah Khusus Ibukota Jakarta 14240 "
51,Cengkareng Bar.,CENGKARENG,Starbucks Coffee Green Sedayu Mall,"Alamat: Jl. Taman Palem Lestari No.10, Cengkareng Bar., Kecamatan Cengkareng, Kota Jakarta Barat, Daerah Khusus Ibukota Jakarta 11730 "
52,Duri Kosambi,CENGKARENG,Starbucks greenlake 9605,"Alamat: Rukan sentra niaga, Jl. Green Lake City Boulevard, Duri Kosambi, Cengkareng, West Jakarta City, Jakarta "
53,Cengkareng Tim.,CENGKARENG,Starbucks Coffee Ruko Taman Palem,"Alamat: Jl. Taman Palem Mutiara Jkt Outer Ring Road No.21A, RT.7/RW.14, Cengkareng Tim., Kecamatan Cengkareng, Kota Jakarta Barat, Daerah Khusus Ibukota Jakarta 11730 "
54,Tj. Duren Utara,GROGOL PETAMBURAN,Starbucks Mall Ciputra,"Alamat: Jalan Arteri S Parman Grogol t, RT.11/RW.1, Tj. Duren Utara, Kec. Grogol petamburan, Kota Jakarta Barat, Daerah Khusus Ibukota Jakarta 11470 "
55,Tomang,GROGOL PETAMBURAN,Starbucks Tomang Raya,"Alamat: Jl. Tomang Raya No.25, RT.1/RW.1, Tomang, Kec. Grogol petamburan, Kota Jakarta Barat, Daerah Khusus Ibukota Jakarta 11440 "
56,Tj. Duren Sel.,GROGOL PETAMBURAN,Starbucks Tanjung Duren,"Alamat: Jl. Tj. Duren Barat 1 No.10, RT.12/RW.2, Tj. Duren Sel., Kec. Grogol petamburan, Kota Jakarta Barat, Daerah Khusus Ibukota Jakarta 11470 "
57,Tj. Duren Sel.,GROGOL PETAMBURAN,Starbucks MGR 1,"Alamat: Jl. Tanjung Duren Raya No.Kav.5-9, RT.3/RW.5, Tj. Duren Sel., Kec. Grogol petamburan, Kota Jakarta Barat, Daerah Khusus Ibukota Jakarta 11470 "
58,Tj. Duren Sel.,GROGOL PETAMBURAN,Starbucks Mal Taman Anggrek,"Alamat: Jl. Letjen S. Parman No.Kav 21, RT.12/RW.1, Tj. Duren Sel., Kec. Grogol petamburan, Kota Jakarta Barat, Daerah Khusus Ibukota Jakarta 11470 "
59,Tj. Duren Sel.,GROGOL PETAMBURAN,Starbucks Neo SOHO,"Alamat: RT.15/RW.5, Tj. Duren Sel., Kec. Kb. Jeruk, Kota Jakarta Barat, Daerah Khusus Ibukota Jakarta 11470 "
60,Maphar,TAMAN SARI,Starbucks Hayam Wuruk Plaza,"Alamat: Hayam Wuruk Plaza, Jl. Hayam Wuruk No.108, RT.4/RW.9, Maphar, Kec. Taman Sari, Kota Jakarta Barat, Daerah Khusus Ibukota Jakarta 11160 "
61,Glodok,TAMAN SARI,Starbucks Green Central City,"Alamat: 1, Green Central City, Jl. Gajah Mada No.188, RW.6, Glodok, Kec. Taman Sari, Kota Jakarta Barat, Daerah Khusus Ibukota Jakarta 11120 "
62,Tambora,TAMBORA,Starbucks seasons city,"Alamat: TM Season City Unit GF1, Jl. Prof. Dr. Latumeten No.33, RT.1/RW.5, Jembatan Besi, Tambora, West Jakarta City, Jakarta 11320 "
63,Duri Kepa,KEBON JERUK,Starbucks Greenville,"Alamat: Jl. Green Ville Raya, Blk. K No.3, RT.8/RW.14, Duri Kepa, Kebonjeruk, West Jakarta City, Jakarta 11510 "
64,Kedoya Utara,KEBON JERUK,Starbucks Wang Plaza,"Alamat: Jl. Panjang No.Kav 17, RW.11, Kedoya Utara, Kec. Kb. Jeruk, Kota Jakarta Barat, Daerah Khusus Ibukota Jakarta 11520 "
65,Kalideres,KALIDERES,STARBUCKS CITRA 7,"Alamat: Jl. Citra 7 No.7, RW.11, Kalideres, Kec. Kalideres, Kota Jakarta Barat, Daerah Khusus Ibukota Jakarta 11840 "
66,Tegal Alur,KALIDERES,Starbucks Citra 6,"Alamat: Apartemen Citralake Suites, Jl. Citra Garden City 6 Boulevard No.5, RT.4/RW.5, Tegal Alur, Kec. Kalideres, Kota Jakarta Barat, Daerah Khusus Ibukota Jakarta 11820 "
67,Kec. Palmerah,PALMERAH,Starbucks,"Alamat: Jl. Letjen S. Parman No.77, RT.6/RW.3, Slipi, Kec. Palmerah, Kota Jakarta Barat, Daerah Khusus Ibukota Jakarta 11410 "
68,Srengseng,KEMBANGAN,Starbucks Coffee Pos Pengumben,"Alamat: Jl. Raya Pos Pengumben No.34A, RT.10/RW.3, Srengseng, Kec. Kembangan, Kota Jakarta Barat, Daerah Khusus Ibukota Jakarta 11630 "
69,Kembangan Sel.,KEMBANGAN,Starbucks Pesanggrahan 99,"Alamat: Jl. Pesanggrahan Mas Raya No.1, RT.1/RW.7, Kembangan Sel., Kec. Kembangan, Kota Jakarta Barat, Daerah Khusus Ibukota Jakarta 11610 "
70,Kembangan Sel.,KEMBANGAN,Starbucks,"Alamat: Jl. Puri Indah Raya No.3, RT.2/RW.2, Kembangan Sel., Kec. Kembangan, Kota Jakarta Barat, Daerah Khusus Ibukota Jakarta 11610 "
71,Tebet Tim.,TEBET,Starbucks Tebet Raya,"Alamat: 1, Jl. Tebet Raya No.27b, RT.1/RW.2, Tebet Tim., Kec. Tebet, Kota Jakarta Selatan, Daerah Khusus Ibukota Jakarta 12820 "
72,Tebet Bar.,TEBET,Starbucks,"Alamat: Jl. Letjen M.T. Haryono No.9, RT.11/RW.5, Tebet Bar., Jakarta, Kota Jakarta Selatan, Daerah Khusus Ibukota Jakarta 12810 "
73,Menteng Dalam,TEBET,Starbucks Soepomo Tebet,"Alamat: 7, Soepomo, Jl. Prof. DR. Soepomo No.30, RW.1, Menteng Dalam, Kota Jakarta Selatan, Daerah Khusus Ibukota Jakarta 12870 "
74,Menteng Dalam,TEBET,Starbucks Mall Kota Kasablanka,"Alamat: Jl. Raya Casablanca No.88, RT.14/RW.5, Menteng Dalam, Kec. Tebet, Kota Jakarta Selatan, Daerah Khusus Ibukota Jakarta 12870 "
75,Menteng Dalam,TEBET,Starbucks Coffee,"Alamat: Bidakara Medical Center, Menara Bidakara, Jl. Jend. Gatot Subroto, Jl. Bidakara No.71-73, RT.8/RW.8, Menteng Dalam, Kec. Tebet, Kota Jakarta Selatan, Daerah Khusus Ibukota Jakarta 12870 "
76,Menteng Dalam,TEBET,Starbucks Forward SOGO Kota Kasablanka,"Alamat: Jl. Raya Casablanca No.14, RW.5, Menteng Dalam, Kec. Tebet, Kota Jakarta Selatan, Daerah Khusus Ibukota Jakarta "
77,Karet Semanggi,SETIA BUDI,Starbucks Plaza Sentral,"Alamat: Jl. Jend. Sudirman No.47, RT.5/RW.4, Karet Semanggi, Kecamatan Setiabudi, Kota Jakarta Selatan, Daerah Khusus Ibukota Jakarta 12930 "
78,Karet Semanggi,SETIA BUDI,Starbucks Kartika Chandra,"Alamat: Jl. Gatot Subroto No.Kav 18-20, RT.3/RW.2, Karet Semanggi, Kecamatan Setiabudi, Kota Jakarta Selatan, Daerah Khusus Ibukota Jakarta 12930 "
79,Karet Semanggi,SETIA BUDI,Starbucks Menara Standard Chartered,"Alamat: Menara Standard Chartered, Jl. Prof. DR. Satrio No.164, RT.4/RW.4, Karet Semanggi, Kecamatan Setiabudi, Kota Jakarta Selatan, Daerah Khusus Ibukota Jakarta 12930 "
80,Karet Semanggi,SETIA BUDI,Starbucks,"Alamat: Sampoerna Strategic Tower A Ground Floors Unit 03, Jl. Jenderal Sudirman, RT.10/RW.3, Karet Semanggi, Daerah Khusus Ibukota Jakarta 12930 "
81,Karet Semanggi,SETIA BUDI,Starbucks Tokopedia Tower,"Alamat: RT.3/RW.3 Karet Semanggi, Setiabudi, Jl. Prof. DR. Satrio No.Kav 11, RT.3/RW.3, Karet Semanggi, Setiabudi, South Jakarta City, Jakarta 12940 "
82,Karet Kuningan,SETIA BUDI,Starbucks,"Alamat: Jl. H. R. Rasuna Said No.1-2a, RT.18/RW.2, Kuningan, Karet Kuningan, Kecamatan Setiabudi, Kota Jakarta Selatan, Daerah Khusus Ibukota Jakarta 12920 "
83,Karet Kuningan,SETIA BUDI,Starbucks,"Alamat: Plaza Festival, Jl. H R Rasuna Said Kav C No. 22, Karet Kuningan, Setiabudi, RT.2/RW.5, Karet Kuningan, Kecamatan Setiabudi, Kota Jakarta Selatan, Daerah Khusus Ibukota Jakarta 12940 "
84,Karet Kuningan,SETIA BUDI,Starbucks,"Alamat: Jl. Prof. DR. Satrio No.18, RT.18/RW.4, Kuningan, Karet Kuningan, Kecamatan Setiabudi, Kota Jakarta Selatan, Daerah Khusus Ibukota Jakarta 12930 "
85,Karet Kuningan,SETIA BUDI,Starbucks Kuningan City,"Alamat: 14, Jl. Prof. DR. Satrio No.18, RW.4, Kuningan, Karet Kuningan, Kota Jakarta Selatan, Daerah Khusus Ibukota Jakarta 12940 "
86,Karet,SETIA BUDI,Starbucks,"Alamat: Jl. Jenderal Sudirman No.Kav 27, RW.2, Kuningan, Karet, Kecamatan Setiabudi, Kota Jakarta Selatan, Daerah Khusus Ibukota Jakarta 12920 "
87,Guntur,SETIA BUDI,Starbucks,"Alamat: Medialand Tower, Jl. H. R. Rasuna Said No.2, RW.6, Guntur, Kecamatan Setiabudi, Kota Jakarta Selatan, Daerah Khusus Ibukota Jakarta 12950 "
88,Kuningan Tim.,SETIA BUDI,Starbucks Coffee - The East,"Alamat: The East, Lantai 1, Lingkar Mega Kuningan No.1, RT.5/RW.2, Kuningan, Kuningan Tim., Kecamatan Setiabudi, Kota Jakarta Selatan, Daerah Khusus Ibukota Jakarta 12950 "
89,Kuningan Tim.,SETIA BUDI,Starbucks Coffee,"Alamat: Jl. H. R. Rasuna Said Blok X No.1 Kuningan Tim. Kota SelatanSetia Budi, RT.1/RW.2, Kuningan, Kuningan Tim., Kecamatan Setiabudi, Kota Jakarta Selatan, Daerah Khusus Ibukota Jakarta 12950 "
90,Kuningan Tim.,SETIA BUDI,Starbucks,"Alamat: Cyber 2, Lantai GF, Blok X-5 Kav 1-2, Jl. H. R. Rasuna Said, RT.7/RW.2, Kuningan, Kuningan Tim., Kecamatan Setiabudi, Kota Jakarta Selatan, Daerah Khusus Ibukota Jakarta 12950 "
91,Kuningan Tim.,SETIA BUDI,Starbucks Coffee Tempo Scan Tower,"Alamat: Tempo Scan Tower, Ground Floor, Jl. H. R. Rasuna Said, RT.5/RW.4, Kuningan Tim., Kecamatan Setiabudi, Kota Jakarta Selatan, Daerah Khusus Ibukota Jakarta 12950 "
92,Bangka,MAMPANG PRAPATAN,Starbucks Kemang Sky,"Alamat: Jl. Kemang Raya No.12, Bangka, Kec. Mampang Prpt., Kota Jakarta Selatan, Daerah Khusus Ibukota Jakarta 12730 "
93,Bangka,MAMPANG PRAPATAN,Starbucks Coffee,"Alamat: Jl. Pangeran Antasari Jl. Kemang Raya No.36, RT.13/RW.5, Bangka, Kec. Mampang Prpt., Kota Jakarta Selatan, Daerah Khusus Ibukota Jakarta 12150 "
94,Bangka,MAMPANG PRAPATAN,Starbucks Coffee Colony Kemang,"Alamat: Jl. Kemang Raya No.6A, RT.14/RW.1, Bangka, Kec. Mampang Prpt., Kota Jakarta Selatan, Daerah Khusus Ibukota Jakarta 12730 "
95,Kuningan Bar.,MAMPANG PRAPATAN,Starbucks Telkom Landmark Tower,"Alamat: The Telkom Hub, Jl. Gatot Subroto No.Kav. 52, RT.6/RW.1, Kuningan Bar., Kec. Mampang Prpt., Kota Jakarta Selatan, Daerah Khusus Ibukota Jakarta 12710 "
96,Ps. Minggu,PASAR MINGGU,Starbucks Coffee,"Alamat: 53A, Jl. TB Simatupang No.2, RT.2/RW.1, Kebagusan, Ps. Minggu, Kota Jakarta Selatan, Daerah Khusus Ibukota Jakarta 12520 "
97,Ps. Minggu,PASAR MINGGU,Starbucks Pejaten Raya,"Alamat: Jl. Pejaten Raya No.26, RW.7, Pejaten Bar., Ps. Minggu, Kota Jakarta Selatan, Daerah Khusus Ibukota Jakarta 12510 "
98,Ps. Minggu,PASAR MINGGU,Starbucks Coffee,"Alamat: Perkantoran Hijau Arkadia Tower F Lantai GF, Jl. TB Simatupang No.88, RT.1/RW.2, Kebagusan, Ps. Minggu, Kota Jakarta Selatan, Daerah Khusus Ibukota Jakarta 12520 "
99,Pejaten Bar.,PASAR MINGGU,Starbucks Pejaten Raya,"Alamat: Jl. Pejaten Raya No.26, RW.7, Pejaten Bar., Ps. Minggu, Kota Jakarta Selatan, Daerah Khusus Ibukota Jakarta 12510 "
100,Pejaten Bar.,PASAR MINGGU,Starbucks Coffee,"Alamat: Jl. Buncit Raya No.98, RT.1/RW.7, Pejaten Bar., Ps. Minggu, Kota Jakarta Selatan, Daerah Khusus Ibukota Jakarta 12510 "
101,Kebagusan,PASAR MINGGU,Starbucks Coffee,"Alamat: 53A, Jl. TB Simatupang No.2, RT.2/RW.1, Kebagusan, Ps. Minggu, Kota Jakarta Selatan, Daerah Khusus Ibukota Jakarta 12520 "
102,Kebagusan,PASAR MINGGU,Starbucks Coffee,"Alamat: Perkantoran Hijau Arkadia Tower F Lantai GF, Jl. TB Simatupang No.88, RT.1/RW.2, Kebagusan, Ps. Minggu, Kota Jakarta Selatan, Daerah Khusus Ibukota Jakarta 12520 "
103,Kby. Lama Utara,KEBAYORAN LAMA,Starbucks Coffee - Gandaria City Mall,"Alamat: Gandaria City Mall Lt. G, Jl. Kyai Haji Moh Syafi Hadzami No. 8, Kebayoran Lama Utara, Kebayoran Lama, RT.10/RW.6, Kby. Lama Utara, Kec. Kby. Lama, Kota Jakarta Selatan, Daerah Khusus Ibukota Jakarta 12240 "
104,Kby. Lama Utara,KEBAYORAN LAMA,Starbucks Reserve (Gandaria City),"Alamat: Gandaria City, Lantai GF, Jl. Arteri Pd. Indah No.22-23, RT.10/RW.6, Kby. Lama Utara, Kec. Kby. Lama, Kota Jakarta Selatan, Daerah Khusus Ibukota Jakarta 12240 "
105,Pd. Pinang,KEBAYORAN LAMA,Starbucks,"Alamat: 2, Jl. Gedung Hijau I No.9, RT.1/RW.13, Pd. Pinang, Kec. Kby. Lama, Kota Jakarta Selatan, Daerah Khusus Ibukota Jakarta 12310 "
106,Pd. Pinang,KEBAYORAN LAMA,Starbucks,"Alamat: Wisma BCA Pd. Indah, 1, Jl. Metro Pondok Indah No.10, RW.17, Pd. Pinang, 12310 "
107,Pd. Pinang,KEBAYORAN LAMA,Starbucks,"Alamat: Pd. Indah Office Tower 3, Jl. Arteri Pd. Indah, RT.4/RW.3, Pd. Pinang, Kec. Kby. Lama, Kota Jakarta Selatan, Daerah Khusus Ibukota Jakarta 12310 "
108,Pd. Pinang,KEBAYORAN LAMA,Starbucks Ruko Plaza Pondok Indah,"Alamat: Carrefour, Jl. Lebak Bulus Raya No.8, RT.1/RW.7, Pd. Pinang, Kec. Kby. Lama, Kota Jakarta Selatan, Daerah Khusus Ibukota Jakarta 12310 "
109,Pd. Pinang,KEBAYORAN LAMA,Starbucks PIM 3,"Alamat: PQMJ+VF4, Jl. Kartika Utama, RT.6/RW.3, Pd. Pinang, Kec. Kby. Lama, Kota Jakarta Selatan, Daerah Khusus Ibukota Jakarta 12310 "
110,Grogol Utara,KEBAYORAN LAMA,Starbucks Bellezza Shopping Arcade,"Alamat: 4, Jl. Letnan Jenderal Soepeno No.34, RT.4/RW.2, Grogol Utara, Kec. Kby. Lama, Kota Jakarta Selatan, Daerah Khusus Ibukota Jakarta 12210 "
111,Cilandak Bar.,CILANDAK,Starbucks Coffee,"Alamat: Jalan TB. Simatupang Kav. 23-24, Cilandak, RT.1/RW.1, Cilandak Bar., Kec. Cilandak, Kota Jakarta Selatan, Daerah Khusus Ibukota Jakarta 12430 "
112,Cilandak Bar.,CILANDAK,Starbucks Terogong,"Alamat: Jl. Terogong Raya No.10, RT.15/RW.10, Cilandak Bar., Kec. Cilandak, Kota Jakarta Selatan, Daerah Khusus Ibukota Jakarta 12430 "
113,Cilandak Bar.,CILANDAK,Starbucks Coffe Talavera Office,"Alamat: South Jakarta 1 1, RT.1/RW.1, Cilandak Bar., Kec. Cilandak, Kota Jakarta Selatan, Daerah Khusus Ibukota Jakarta 12430 "
114,Lb. Bulus,CILANDAK,Starbucks Menara FIF,"Alamat: Jl. Tol Tahi Bonar Simatupang No.Kav. 15, RW.1, Lb. Bulus, Kec. Cilandak, Kota Jakarta Selatan, Daerah Khusus Ibukota Jakarta 12440 "
115,Gandaria Sel.,CILANDAK,Starbucks,"Alamat: 8, Jl. RS. Fatmawati Raya No.15, RW.6, Gandaria Sel., Kec. Cilandak, Kota Jakarta Selatan, Daerah Khusus Ibukota Jakarta 12420 "
116,Melawai,KEBAYORAN BARU,Starbucks Melawai,"Alamat: JL Melawai Raya 189 B Ground Floor 3, RT.3/RW.1, Melawai, Jakarta, South Jakarta City, Jakarta 12160 "
117,Melawai,KEBAYORAN BARU,Starbucks d'Prima Hotel Melawai,"Alamat: Jl. Melawai 9 No.2, RT.3/RW.1, Melawai, Kec. Kby. Baru, Kota Jakarta Selatan, Daerah Khusus Ibukota Jakarta 12160 "
118,Melawai,KEBAYORAN BARU,Starbucks Pasaraya Grande,"Alamat: Pasaraya Grande, Jl. Sultan Iskandarsyah No. 2, Melawai, Kebayoran Baru, RT.3/RW.1, RT.3/RW.1, Melawai, Kebayoran Baru, South Jakarta City, Jakarta 12160 "
119,Gunung,KEBAYORAN BARU,Starbucks Reserve - Pakubuwono,"Alamat: Jl. Pakubuwono VI No.10, RT.6/RW.6, Gunung, Kec. Kby. Baru, Kota Jakarta Selatan, Daerah Khusus Ibukota Jakarta 12120 "
120,Gunung,KEBAYORAN BARU,Starbucks Coffee,"Alamat: Jl. Kyai Maja No.43, RT.4/RW.8, Gunung, Kec. Kby. Baru, Kota Jakarta Selatan, Daerah Khusus Ibukota Jakarta 12120 "
121,Kramat Pela,KEBAYORAN BARU,Starbucks,"Alamat: QQ4X+24Q, RT.6/RW.6, Kramat Pela, Kec. Kby. Baru, Kota Jakarta Selatan, Daerah Khusus Ibukota Jakarta 12130 "
122,Kramat Pela,KEBAYORAN BARU,Starbucks La Maison Barito,"Alamat: QQ3V+FMV, Jl. Gandaria Tengah III, RT.4/RW.4, Kramat Pela, Kec. Kby. Baru, Kota Jakarta Selatan, Daerah Khusus Ibukota Jakarta 12130 "
123,Kramat Pela,KEBAYORAN BARU,Starbucks,"Alamat: RT.1/RW.10, Kramat Pela, Kec. Kby. Baru, Kota Jakarta Selatan, Daerah Khusus Ibukota Jakarta 12130 "
124,Pancoran,PANCORAN,Starbucks L' Avenue,"Alamat: L’Avenue Residences, Jl. Raya Pasar Minggu No.Kav. 16, RT.7/RW.9, Pancoran, South Jakarta City, Jakarta 12780 "
125,Duren Tiga,PANCORAN,Starbucks DT Mampang Business Park,"Alamat: PRVH+69J, RT.7/RW.2, Duren Tiga, Kec. Pancoran, Kota Jakarta Selatan, Daerah Khusus Ibukota Jakarta 12760 "
126,Kec. Jagakarsa,JAGAKARSA,Starbucks Lenteng Agung,"Alamat: Jl. Raya Lenteng Agung No.5, RW.1, Srengseng Sawah, Kec. Jagakarsa, Kota Jakarta Selatan, Daerah Khusus Ibukota Jakarta 10550 "
127,Kec. Jagakarsa,JAGAKARSA,Starbucks,"Alamat: MRVR+72F, RT.2/RW.1, Tj. Bar., Kec. Jagakarsa, Kota Jakarta Selatan, Daerah Khusus Ibukota Jakarta "
128,Kec. Jagakarsa,JAGAKARSA,Starbucks At Antam Building,"Alamat: Jalan Tanjung Barat Lama No.7, Jagakarsa, RT.10/RW.4, Tanjung Barat, RT.10/RW.4, Tj. Bar., Kec. Jagakarsa, Kota Jakarta Selatan, Daerah Khusus Ibukota Jakarta 12530 "
129,Srengseng Sawah,JAGAKARSA,Starbucks Lenteng Agung,"Alamat: Jl. Raya Lenteng Agung No.5, RW.1, Srengseng Sawah, Kec. Jagakarsa, Kota Jakarta Selatan, Daerah Khusus Ibukota Jakarta 10550 "
130,Tj. Bar.,JAGAKARSA,Starbucks At Antam Building,"Alamat: Jalan Tanjung Barat Lama No.7, Jagakarsa, RT.10/RW.4, Tanjung Barat, RT.10/RW.4, Tj. Bar., Kec. Jagakarsa, Kota Jakarta Selatan, Daerah Khusus Ibukota Jakarta 12530 "
131,Tj. Bar.,JAGAKARSA,Starbucks,"Alamat: MRVR+72F, RT.2/RW.1, Tj. Bar., Kec. Jagakarsa, Kota Jakarta Selatan, Daerah Khusus Ibukota Jakarta "
132,Bintaro,PESANGGRAHAN,Starbucks Coffee,"Alamat: Kec, 11, Jl. RC. Veteran Raya Blok Anggrek No.8, RT.8/RW.1, Bintaro, Kec. Pesanggrahan, Kota Jakarta Selatan, Daerah Khusus Ibukota Jakarta 12330 "
133,Kb. Manggis,MATRAMAN,Starbucks Matraman,"Alamat: Jl. Matraman Raya No.18, RT.2/RW.1, Kb. Manggis, Kec. Matraman, Kota Jakarta Timur, Daerah Khusus Ibukota Jakarta 13150 "
134,Kayu Putih,PULO GADUNG,Starbucks coffee,"Alamat: Komplek The High End City Korea Town, Jl. Kayu Putih Raya No.1, RW.16, Kayu Putih, Kec. Pulo Gadung, Kota Jakarta Timur, Daerah Khusus Ibukota Jakarta 13210 "
135,Bali Mester,JATINEGARA,Starbucks Cityplaza,"Alamat: No.173-175, Balimester Jatinegara Jakarta 7, Jl. Matraman Raya, RT.7/RW.6, Bali Mester, Kecamatan Jatinegara, Kota Jakarta Timur, Daerah Khusus Ibukota Jakarta 13310 "
136,Cipinang Cempedak,JATINEGARA,Starbucks Tamansari The Hive,"Alamat: The Hive, GF, Jl. DI. Panjaitan No.7, RW.11, Cipinang Cempedak, East Jakarta City, Jakarta 13340 "
137,Kramat Jati,KRAMAT JATI,Starbucks Condet,"Alamat: PV44+C86, RW, RT.5/RW.3, Bale Kambang, Kramat Jati, East Jakarta City, Jakarta 13530 "
138,Cawang,KRAMAT JATI,Starbucks,"Alamat: Jl. Dewi Sartika No.8, RT.8/RW.4, Cawang, Kec. Kramat jati, Kota Jakarta Timur, Daerah Khusus Ibukota Jakarta 13630 "
139,Cawang,KRAMAT JATI,Starbucks Dewi Sartika Jaktim,"Alamat: Jl. Dewi Sartika No.322, RT.4/RW.5, Cawang, Kec. Kramat jati, Kota Jakarta Timur, Daerah Khusus Ibukota Jakarta 13630 "
140,Jatinegara,CAKUNG,Starbucks Mall Bassura,"Alamat: Mall Basura 2, Lantai GF,Bali Mester, Jl. Jend. Basuki Rachmat No.1A, RT.8/RW.10, South Cipinang Besar, Jatinegara, East Jakarta City, Jakarta 13410 "
141,Duren Sawit,DUREN SAWIT,Starbucks Kalimalang,"Alamat: Jl. Raya Kalimalang No.Kav. 20, RT./RW:/RW.003, Duren Sawit, Kec. Duren Sawit, Kota Jakarta Timur, Daerah Khusus Ibukota Jakarta 13440 "
142,Makasar,MAKASAR,Starbucks - Halim Perdanakusuma 2 (Batik Boarding Lounge),"Alamat: Boarding Lounge, Bandara Halim PK., Batik, RT.1/RW.9, Halim Perdana Kusumah, Makasar, East Jakarta City, Jakarta 13610 "
143,Halim Perdana Kusumah,MAKASAR,Starbucks - Halim Perdanakusuma 2 (Batik Boarding Lounge),"Alamat: Boarding Lounge, Bandara Halim PK., Batik, RT.1/RW.9, Halim Perdana Kusumah, Makasar, East Jakarta City, Jakarta 13610 "
144,Halim Perdana Kusumah,MAKASAR,Starbucks Gate 8 Halim Perdanakusuma,"Alamat: PVMP+Q7H, Halim Perdana Kusumah, Kec. Makasar, Kota Jakarta Timur, Daerah Khusus Ibukota Jakarta "
145,Halim Perdana Kusumah,MAKASAR,Starbucks Coffee - Halim Perdanakusuma Airport,"Alamat: Jl. Komodor Halim Perdana Kusuma No.15, RT.1/RW.9, Halim Perdana Kusumah, Kec. Makasar, Kota Jakarta Timur, Daerah Khusus Ibukota Jakarta 13610 "
146,Cipayung,CIPAYUNG,Starbucks Coffee,"Alamat: Km. 10.6, Cibubur Square 1st Fl Zona B B1-1, Jl. Tol Jagorawi, RT.7/RW.1, Cipayung, Kec. Cipayung, Kota Jakarta Timur, Daerah Khusus Ibukota Jakarta 13840 "
147,Ceger,CIPAYUNG,Starbucks Green Terrace,"Alamat: Jl. Raya Mabes Hankam, Ceger, Kec. Cipayung, Kota Jakarta Timur, Daerah Khusus Ibukota Jakarta 13820 "
148,Ceger,CIPAYUNG,Starbucks Sakura Garden City,"Alamat: MVGQ+MHJ, Jl. Bina Marga, Ceger, Kec. Cipayung, Kota Jakarta Timur, Daerah Khusus Ibukota Jakarta 13820 "
